{"is_source_file": false, "format": "", "description": "", "external_files": [], "external_methods": [], "published": [], "classes": [], "methods": [], "calls": [], "search-terms": [], "state": 2, "file_id": 7, "knowledge_revision": 28, "git_revision": "a3cc8685bf22176a3cd1920d5c32230ccae20d5a", "hash": "b51ba5c220097d1526b57d12a5b3e4c4", "format-version": 4, "code-base-name": "frontend_web", "filename": "frontend_web/src/App.css", "revision_history": [{"28": "a3cc8685bf22176a3cd1920d5c32230ccae20d5a"}]}