{"is_source_file": true, "format": "JavaScript (React JSX)", "description": "The file 'App.js' defines the main React application component for a web front-end of a student application portal. It includes routing, authentication logic, dashboard pages for students and admins, login and registration pages, and various UI components that interact with backend API functions.", "external_files": ["./api/client", "./App.css"], "external_methods": ["apiLogin", "apiMe", "apiRegister", "apiCreateApplication", "apiListMyApplications", "apiSubmitApplication", "apiWithdrawApplication", "apiAdminListApplications", "apiAdminChangeStatus"], "published": ["App"], "classes": [], "methods": [{"name": "AppShell()", "description": "Main shell component managing user session state, displaying navigation, and defining routes for different pages.", "scope": "", "scopeKind": ""}, {"name": "refreshMe(nextToken = token)", "description": "Fetches current user profile data based on token.", "scope": "AppShell", "scopeKind": "function"}, {"name": "onLogout()", "description": "Handles user logout by clearing session tokens and navigating to login page.", "scope": "AppShell", "scopeKind": "function"}, {"name": "TopNav({ apiBase, isAuthed, loadingMe, me, isStudent, isAdmin, onRefreshMe, onLogout })", "description": "Navigation bar component displaying links based on auth state and roles, with refresh and logout controls.", "scope": "", "scopeKind": ""}, {"name": "Home({ apiBase })", "description": "Displays a home page with API health and documentation links.", "scope": "TopNav", "scopeKind": "function"}, {"name": "RequireAuth({ token, children })", "description": "Component that enforces authentication for its children.", "scope": "TopNav", "scopeKind": "function"}, {"name": "RequireRole({ roles, role, children })", "description": "Component that enforces user role-based access.", "scope": "TopNav", "scopeKind": "function"}, {"name": "LoginPage({ apiBase, onAuthed })", "description": "Provides login form and handles user login process.", "scope": "", "scopeKind": ""}, {"name": "RegisterPage({ apiBase, onAuthed })", "description": "Provides registration form for new users.", "scope": "LoginPage", "scopeKind": "function"}, {"name": "StudentDashboard({ apiBase, token })", "description": "Dashboard for student users to create, submit, and track applications.", "scope": "LoginPage.RegisterPage", "scopeKind": "function"}, {"name": "AdminDashboard({ apiBase, token })", "description": "Admin interface for listing, filtering, and updating application statuses.", "scope": "", "scopeKind": ""}, {"name": "StatusPill({ status })", "description": "UI component that displays application status as a colored pill.", "scope": "AdminDashboard", "scopeKind": "function"}, {"name": "NotFound()", "description": "Page shown for non-matching routes.", "scope": "AdminDashboard", "scopeKind": "function"}, {"name": "Footer()", "description": "Page footer with advice note.", "scope": "AdminDashboard", "scopeKind": "function"}, {"name": "App()", "scope": "", "scopeKind": "", "description": "unavailable"}, {"name": "changeStatus(appId, toStatus)", "scope": "AdminDashboard", "scopeKind": "function", "description": "unavailable"}, {"name": "createDraft()", "scope": "LoginPage.RegisterPage.StudentDashboard", "scopeKind": "function", "description": "unavailable"}, {"name": "refresh()", "scope": "LoginPage.RegisterPage.StudentDashboard", "scopeKind": "function", "description": "unavailable"}, {"name": "submit(e)", "scope": "LoginPage.RegisterPage", "scopeKind": "function", "description": "unavailable"}, {"name": "submitApp(appId)", "scope": "LoginPage.RegisterPage.StudentDashboard", "scopeKind": "function", "description": "unavailable"}, {"name": "withdrawApp(appId)", "scope": "LoginPage.RegisterPage.StudentDashboard", "scopeKind": "function", "description": "unavailable"}], "calls": ["apiMe", "apiLogin", "apiRegister", "apiCreateApplication", "apiListMyApplications", "apiSubmitApplication", "apiWithdrawApplication", "apiAdminListApplications", "apiAdminChangeStatus", "localStorage.getItem", "localStorage.removeItem", "navigate"], "search-terms": ["React Router", "api client", "application portal", "student dashboard", "admin dashboard", "role-based access", "auth state", "application management"], "state": 2, "file_id": 6, "knowledge_revision": 26, "git_revision": "a3cc8685bf22176a3cd1920d5c32230ccae20d5a", "revision_history": [{"25": "1ab0295bd6b1a9da73bf6446a2ef43486a9ac5e8"}, {"26": "a3cc8685bf22176a3cd1920d5c32230ccae20d5a"}], "ctags": [{"_type": "tag", "name": "AdminDashboard", "path": "/home/kavia/workspace/code-generation/student-application-portal-320922-320932/frontend_web/src/App.js", "pattern": "/^function AdminDashboard({ apiBase, token }) {$/", "language": "JavaScript", "kind": "function", "signature": "({ apiBase, token })"}, {"_type": "tag", "name": "App", "path": "/home/kavia/workspace/code-generation/student-application-portal-320922-320932/frontend_web/src/App.js", "pattern": "/^function App() {$/", "language": "JavaScript", "kind": "function", "signature": "()"}, {"_type": "tag", "name": "AppShell", "path": "/home/kavia/workspace/code-generation/student-application-portal-320922-320932/frontend_web/src/App.js", "pattern": "/^function AppShell() {$/", "language": "JavaScript", "kind": "function", "signature": "()"}, {"_type": "tag", "name": "Footer", "path": "/home/kavia/workspace/code-generation/student-application-portal-320922-320932/frontend_web/src/App.js", "pattern": "/^function Footer() {$/", "language": "JavaScript", "kind": "function", "signature": "()", "scope": "AdminDashboard", "scopeKind": "function"}, {"_type": "tag", "name": "Home", "path": "/home/kavia/workspace/code-generation/student-application-portal-320922-320932/frontend_web/src/App.js", "pattern": "/^function Home({ apiBase }) {$/", "language": "JavaScript", "kind": "function", "signature": "({ apiBase })", "scope": "TopNav", "scopeKind": "function"}, {"_type": "tag", "name": "LoginPage", "path": "/home/kavia/workspace/code-generation/student-application-portal-320922-320932/frontend_web/src/App.js", "pattern": "/^function LoginPage({ apiBase, onAuthed }) {$/", "language": "JavaScript", "kind": "function", "signature": "({ apiBase, onAuthed })"}, {"_type": "tag", "name": "NotFound", "path": "/home/kavia/workspace/code-generation/student-application-portal-320922-320932/frontend_web/src/App.js", "pattern": "/^function NotFound() {$/", "language": "JavaScript", "kind": "function", "signature": "()", "scope": "AdminDashboard", "scopeKind": "function"}, {"_type": "tag", "name": "RegisterPage", "path": "/home/kavia/workspace/code-generation/student-application-portal-320922-320932/frontend_web/src/App.js", "pattern": "/^function RegisterPage({ apiBase, onAuthed }) {$/", "language": "JavaScript", "kind": "function", "signature": "({ apiBase, onAuthed })", "scope": "LoginPage", "scopeKind": "function"}, {"_type": "tag", "name": "RequireAuth", "path": "/home/kavia/workspace/code-generation/student-application-portal-320922-320932/frontend_web/src/App.js", "pattern": "/^function RequireAuth({ token, children }) {$/", "language": "JavaScript", "kind": "function", "signature": "({ token, children })", "scope": "TopNav", "scopeKind": "function"}, {"_type": "tag", "name": "RequireRole", "path": "/home/kavia/workspace/code-generation/student-application-portal-320922-320932/frontend_web/src/App.js", "pattern": "/^function RequireRole({ roles, role, children }) {$/", "language": "JavaScript", "kind": "function", "signature": "({ roles, role, children })", "scope": "TopNav", "scopeKind": "function"}, {"_type": "tag", "name": "StatusPill", "path": "/home/kavia/workspace/code-generation/student-application-portal-320922-320932/frontend_web/src/App.js", "pattern": "/^function StatusPill({ status }) {$/", "language": "JavaScript", "kind": "function", "signature": "({ status })", "scope": "AdminDashboard", "scopeKind": "function"}, {"_type": "tag", "name": "StudentDashboard", "path": "/home/kavia/workspace/code-generation/student-application-portal-320922-320932/frontend_web/src/App.js", "pattern": "/^function StudentDashboard({ apiBase, token }) {$/", "language": "JavaScript", "kind": "function", "signature": "({ apiBase, token })", "scope": "LoginPage.RegisterPage", "scopeKind": "function"}, {"_type": "tag", "name": "TopNav", "path": "/home/kavia/workspace/code-generation/student-application-portal-320922-320932/frontend_web/src/App.js", "pattern": "/^function TopNav({ apiBase, isAuthed, loadingMe, me, isStudent, isAdmin, onRefreshMe, onLogout })/", "language": "JavaScript", "kind": "function", "signature": "({ apiBase, isAuthed, loadingMe, me, isStudent, isAdmin, onRefreshMe, onLogout })"}, {"_type": "tag", "name": "apiBase", "path": "/home/kavia/workspace/code-generation/student-application-portal-320922-320932/frontend_web/src/App.js", "pattern": "/^          <Route path=\"\\/\" element={<Home apiBase={apiBase} \\/>} \\/>$/", "language": "JavaScript", "kind": "field", "scope": "AppShell.AnonymousClass5ae8c68c0101", "scopeKind": "class"}, {"_type": "tag", "name": "apiBase", "path": "/home/kavia/workspace/code-generation/student-application-portal-320922-320932/frontend_web/src/App.js", "pattern": "/^        apiBase={apiBase}$/", "language": "JavaScript", "kind": "field", "scope": "AppShell.apiBase", "scopeKind": "class"}, {"_type": "tag", "name": "changeStatus", "path": "/home/kavia/workspace/code-generation/student-application-portal-320922-320932/frontend_web/src/App.js", "pattern": "/^  async function changeStatus(appId, toStatus) {$/", "language": "JavaScript", "kind": "function", "signature": "(appId, toStatus)", "scope": "AdminDashboard", "scopeKind": "function"}, {"_type": "tag", "name": "cls", "path": "/home/kavia/workspace/code-generation/student-application-portal-320922-320932/frontend_web/src/App.js", "pattern": "/^  return <span className={cls}>{status}<\\/span>;$/", "language": "JavaScript", "kind": "field", "scope": "AdminDashboard.StatusPill.AnonymousClass5ae8c68c0201", "scopeKind": "class"}, {"_type": "tag", "name": "createDraft", "path": "/home/kavia/workspace/code-generation/student-application-portal-320922-320932/frontend_web/src/App.js", "pattern": "/^  async function createDraft() {$/", "language": "JavaScript", "kind": "function", "signature": "()", "scope": "LoginPage.RegisterPage.StudentDashboard", "scopeKind": "function"}, {"_type": "tag", "name": "isAdmin", "path": "/home/kavia/workspace/code-generation/student-application-portal-320922-320932/frontend_web/src/App.js", "pattern": "/^        isAdmin={isAdmin}$/", "language": "JavaScript", "kind": "field", "scope": "AppShell.isAdmin", "scopeKind": "class"}, {"_type": "tag", "name": "isAuthed", "path": "/home/kavia/workspace/code-generation/student-application-portal-320922-320932/frontend_web/src/App.js", "pattern": "/^              isAuthed ? ($/", "language": "JavaScript", "kind": "field", "scope": "AppShell.element", "scopeKind": "class"}, {"_type": "tag", "name": "isAuthed", "path": "/home/kavia/workspace/code-generation/student-application-portal-320922-320932/frontend_web/src/App.js", "pattern": "/^        isAuthed={isAuthed}$/", "language": "JavaScript", "kind": "field", "scope": "AppShell.isAuthed", "scopeKind": "class"}, {"_type": "tag", "name": "isStudent", "path": "/home/kavia/workspace/code-generation/student-application-portal-320922-320932/frontend_web/src/App.js", "pattern": "/^        isStudent={isStudent}$/", "language": "JavaScript", "kind": "field", "scope": "AppShell.isStudent", "scopeKind": "class"}, {"_type": "tag", "name": "loadingMe", "path": "/home/kavia/workspace/code-generation/student-application-portal-320922-320932/frontend_web/src/App.js", "pattern": "/^        loadingMe={loadingMe}$/", "language": "JavaScript", "kind": "field", "scope": "AppShell.loadingMe", "scopeKind": "class"}, {"_type": "tag", "name": "me", "path": "/home/kavia/workspace/code-generation/student-application-portal-320922-320932/frontend_web/src/App.js", "pattern": "/^        me={me}$/", "language": "JavaScript", "kind": "field", "scope": "AppShell.me", "scopeKind": "class"}, {"_type": "tag", "name": "onLogout", "path": "/home/kavia/workspace/code-generation/student-application-portal-320922-320932/frontend_web/src/App.js", "pattern": "/^        onLogout={onLogout}$/", "language": "JavaScript", "kind": "field", "scope": "AppShell.onLogout", "scopeKind": "class"}, {"_type": "tag", "name": "onLogout", "path": "/home/kavia/workspace/code-generation/student-application-portal-320922-320932/frontend_web/src/App.js", "pattern": "/^  async function onLogout() {$/", "language": "JavaScript", "kind": "function", "signature": "()", "scope": "AppShell", "scopeKind": "function"}, {"_type": "tag", "name": "refresh", "path": "/home/kavia/workspace/code-generation/student-application-portal-320922-320932/frontend_web/src/App.js", "pattern": "/^  async function refresh() {$/", "language": "JavaScript", "kind": "function", "signature": "()", "scope": "AdminDashboard", "scopeKind": "function"}, {"_type": "tag", "name": "refresh", "path": "/home/kavia/workspace/code-generation/student-application-portal-320922-320932/frontend_web/src/App.js", "pattern": "/^  async function refresh() {$/", "language": "JavaScript", "kind": "function", "signature": "()", "scope": "LoginPage.RegisterPage.StudentDashboard", "scopeKind": "function"}, {"_type": "tag", "name": "refreshMe", "path": "/home/kavia/workspace/code-generation/student-application-portal-320922-320932/frontend_web/src/App.js", "pattern": "/^        onRefreshMe={refreshMe}$/", "language": "JavaScript", "kind": "field", "scope": "AppShell.onRefreshMe", "scopeKind": "class"}, {"_type": "tag", "name": "refreshMe", "path": "/home/kavia/workspace/code-generation/student-application-portal-320922-320932/frontend_web/src/App.js", "pattern": "/^  async function refreshMe(nextToken = token) {$/", "language": "JavaScript", "kind": "function", "signature": "(nextToken = token)", "scope": "AppShell", "scopeKind": "function"}, {"_type": "tag", "name": "submit", "path": "/home/kavia/workspace/code-generation/student-application-portal-320922-320932/frontend_web/src/App.js", "pattern": "/^  async function submit(e) {$/", "language": "JavaScript", "kind": "function", "signature": "(e)", "scope": "LoginPage", "scopeKind": "function"}, {"_type": "tag", "name": "submit", "path": "/home/kavia/workspace/code-generation/student-application-portal-320922-320932/frontend_web/src/App.js", "pattern": "/^  async function submit(e) {$/", "language": "JavaScript", "kind": "function", "signature": "(e)", "scope": "LoginPage.RegisterPage", "scopeKind": "function"}, {"_type": "tag", "name": "submitApp", "path": "/home/kavia/workspace/code-generation/student-application-portal-320922-320932/frontend_web/src/App.js", "pattern": "/^  async function submitApp(appId) {$/", "language": "JavaScript", "kind": "function", "signature": "(appId)", "scope": "LoginPage.RegisterPage.StudentDashboard", "scopeKind": "function"}, {"_type": "tag", "name": "withdrawApp", "path": "/home/kavia/workspace/code-generation/student-application-portal-320922-320932/frontend_web/src/App.js", "pattern": "/^  async function withdrawApp(appId) {$/", "language": "JavaScript", "kind": "function", "signature": "(appId)", "scope": "LoginPage.RegisterPage.StudentDashboard", "scopeKind": "function"}], "hash": "534b36331d4842f58de18c523ab526be", "format-version": 4, "code-base-name": "frontend_web", "filename": "frontend_web/src/App.js", "fields": [{"name": "<Route path=\"\\/\" element={<Home apiBase={apiBase} \\/>} \\/>", "scope": "AppShell.AnonymousClass5ae8c68c0101", "scopeKind": "class", "description": "unavailable"}, {"name": "apiBase={apiBase}", "scope": "AppShell.apiBase", "scopeKind": "class", "description": "unavailable"}, {"name": "return <span className={cls}>{status}<\\/span>;", "scope": "AdminDashboard.StatusPill.AnonymousClass5ae8c68c0201", "scopeKind": "class", "description": "unavailable"}, {"name": "isAdmin={isAdmin}", "scope": "AppShell.isAdmin", "scopeKind": "class", "description": "unavailable"}, {"name": "isAuthed ? (", "scope": "AppShell.element", "scopeKind": "class", "description": "unavailable"}, {"name": "isAuthed={isAuthed}", "scope": "AppShell.isAuthed", "scopeKind": "class", "description": "unavailable"}, {"name": "isStudent={isStudent}", "scope": "AppShell.isStudent", "scopeKind": "class", "description": "unavailable"}, {"name": "loadingMe={loadingMe}", "scope": "AppShell.loadingMe", "scopeKind": "class", "description": "unavailable"}, {"name": "me={me}", "scope": "AppShell.me", "scopeKind": "class", "description": "unavailable"}, {"name": "onLogout={onLogout}", "scope": "AppShell.onLogout", "scopeKind": "class", "description": "unavailable"}, {"name": "onRefreshMe={refreshMe}", "scope": "AppShell.onRefreshMe", "scopeKind": "class", "description": "unavailable"}]}