{"is_source_file": true, "format": "JavaScript (React JSX)", "description": "This file defines a functional React component 'App' which manages a theme toggle between light and dark modes. It includes UI elements such as a toggle button, logo image, instructions, and a link to React documentation.", "external_files": ["./logo.svg", "./App.css"], "external_methods": ["useState", "useEffect"], "published": ["App"], "classes": [], "methods": [{"name": "toggleTheme", "description": "Function to toggle the theme state between 'light' and 'dark'."}, {"name": "App()", "scope": "", "scopeKind": "", "description": "unavailable"}], "calls": ["useState", "useEffect", "document.documentElement.setAttribute"], "search-terms": ["React", "theme toggle", "useState", "useEffect", "App component", "JSX"], "state": 2, "file_id": 6, "knowledge_revision": 25, "git_revision": "1ab0295bd6b1a9da73bf6446a2ef43486a9ac5e8", "ctags": [{"_type": "tag", "name": "App", "path": "/home/kavia/workspace/code-generation/student-application-portal-320922-320932/frontend_web/src/App.js", "pattern": "/^function App() {$/", "language": "JavaScript", "kind": "function", "signature": "()"}, {"_type": "tag", "name": "Switch to ${theme === 'light' ? 'dark' : 'light'} mode", "path": "/home/kavia/workspace/code-generation/student-application-portal-320922-320932/frontend_web/src/App.js", "pattern": "/^          aria-label={`Switch to ${theme === 'light' ? 'dark' : 'light'} mode`}$/", "language": "JavaScript", "kind": "field", "scope": "App.aria", "scopeKind": "class"}, {"_type": "tag", "name": "toggleTheme", "path": "/home/kavia/workspace/code-generation/student-application-portal-320922-320932/frontend_web/src/App.js", "pattern": "/^          onClick={toggleTheme}$/", "language": "JavaScript", "kind": "field", "scope": "App.onClick", "scopeKind": "class"}], "hash": "b55dd9e6a018e59207d8e277dffd9e11", "format-version": 4, "code-base-name": "frontend_web", "filename": "frontend_web/src/App.js", "fields": [{"name": "aria-label={`Switch to ${theme === 'light' ? 'dark' : 'light'} mode`}", "scope": "App.aria", "scopeKind": "class", "description": "unavailable"}, {"name": "onClick={toggleTheme}", "scope": "App.onClick", "scopeKind": "class", "description": "unavailable"}], "revision_history": [{"25": "1ab0295bd6b1a9da73bf6446a2ef43486a9ac5e8"}]}