{"is_source_file": false, "format": "JSON", "description": "This is an OpenAPI specification file describing the backend API for the FastAPI application. It includes information about API paths, methods, and responses.", "external_files": [], "external_methods": [], "published": [], "classes": [], "methods": [], "calls": [], "search-terms": ["OpenAPI", "FastAPI", "health check", "API specification"], "state": 2, "file_id": 14, "knowledge_revision": 31, "git_revision": "52406cc49b40d70e1281a9f18b54ce90c6411238", "hash": "61ef14a9780590487a39b4e28c74e95a", "format-version": 4, "code-base-name": "frontend_web", "filename": "frontend_web/backend_openapi.json", "revision_history": [{"31": "52406cc49b40d70e1281a9f18b54ce90c6411238"}]}