{"is_source_file": true, "format": "JavaScript (or TypeScript, typically JavaScript) for frontend web testing setup", "description": "Setup configuration file for Jest testing environment in a frontend web project, specifically importing jest-dom matchers for improved DOM assertions.", "external_files": ["@testing-library/jest-dom"], "external_methods": [], "published": [], "classes": [], "methods": [], "calls": ["import '@testing-library/jest-dom'"], "search-terms": ["setupTests.js", "jest-dom", "jest testing library", "testing setup", "frontend web testing"], "state": 2, "file_id": 8, "knowledge_revision": 24, "git_revision": "1ab0295bd6b1a9da73bf6446a2ef43486a9ac5e8", "ctags": [], "hash": "1a77571e1a8cf36018a41bcedf60db75", "format-version": 4, "code-base-name": "frontend_web", "filename": "frontend_web/src/setupTests.js", "revision_history": [{"24": "1ab0295bd6b1a9da73bf6446a2ef43486a9ac5e8"}]}