{"is_source_file": false, "format": "", "description": "", "external_files": [], "external_methods": [], "published": [], "classes": [], "methods": [], "calls": [], "search-terms": [], "state": 2, "file_id": 10, "knowledge_revision": 19, "git_revision": "1ab0295bd6b1a9da73bf6446a2ef43486a9ac5e8", "hash": "6c2104b8d219ed99234ae2d6329f4357", "format-version": 4, "code-base-name": "frontend_web", "filename": "frontend_web/src/index.css", "revision_history": [{"19": "1ab0295bd6b1a9da73bf6446a2ef43486a9ac5e8"}]}