{"is_source_file": false, "format": "", "description": "", "external_files": [], "external_methods": [], "published": [], "classes": [], "methods": [], "calls": [], "search-terms": [], "state": 2, "file_id": 1, "knowledge_revision": 32, "git_revision": "52406cc49b40d70e1281a9f18b54ce90c6411238", "revision_history": [{"17": "1ab0295bd6b1a9da73bf6446a2ef43486a9ac5e8"}, {"32": "52406cc49b40d70e1281a9f18b54ce90c6411238"}], "hash": "ff8a8c816abae129c5b63ef7ea8e5c0a", "format-version": 4, "code-base-name": "frontend_web", "filename": "frontend_web/package.json"}