{"is_source_file": true, "format": "JavaScript", "description": "This file defines a minimal fetch-based API client for the Student Application Portal. It includes functions for user registration, login, retrieving user info, listing applications, creating, submitting, withdrawing applications, and admin-specific application management. It handles HTTP requests, JSON parsing with fallback to plain text, and error creation based on API responses.", "external_files": ["node-fetch", "whatwg-fetch", "browser environment's fetch API", "any polyfill if used"], "external_methods": ["fetch", "resp.headers.get", "resp.json", "resp.text"], "published": ["apiRegister", "apiLogin", "apiMe", "apiListMyApplications", "apiCreateApplication", "apiSubmitApplication", "apiWithdrawApplication", "apiAdminListApplications", "apiAdminChangeStatus"], "classes": [], "methods": [{"name": "normalizeBase(apiBase)", "description": "Removes trailing slash from the API base URL if present.", "scope": "", "scopeKind": ""}, {"name": "parseJsonOrText(resp)", "description": "Parses the response as JSON if content-type is JSON; otherwise, returns text. Falls back to JSON parse on error.", "scope": "", "scopeKind": ""}, {"name": "errorFromResponse(status, data)", "description": "Creates an Error object based on HTTP status and response data, handling error details returned from the API.", "scope": "", "scopeKind": ""}, {"name": "request({ apiBase, path, method = 'GET', token, body })", "description": "Performs an HTTP request with proper headers, body, and error handling, returning the parsed data or throwing an error.", "scope": "", "scopeKind": ""}, {"name": "apiAdminChangeStatus({ apiBase, token, applicationId, to_status, reason })", "scope": "", "scopeKind": "", "description": "unavailable"}, {"name": "apiAdminListApplications({ apiBase, token, status, q, limit = 50, offset = 0 })", "scope": "", "scopeKind": "", "description": "unavailable"}, {"name": "apiCreateApplication({ apiBase, token, program, term })", "scope": "", "scopeKind": "", "description": "unavailable"}, {"name": "apiListMyApplications({ apiBase, token })", "scope": "", "scopeKind": "", "description": "unavailable"}, {"name": "apiLogin({ apiBase, email, password })", "scope": "", "scopeKind": "", "description": "unavailable"}, {"name": "apiMe({ apiBase, token })", "scope": "", "scopeKind": "", "description": "unavailable"}, {"name": "apiRegister({ apiBase, email, password, first_name, last_name })", "scope": "", "scopeKind": "", "description": "unavailable"}, {"name": "apiSubmitApplication({ apiBase, token, applicationId })", "scope": "", "scopeKind": "", "description": "unavailable"}, {"name": "apiWithdrawApplication({ apiBase, token, applicationId })", "scope": "", "scopeKind": "", "description": "unavailable"}], "calls": ["normalizeBase", "parseJsonOrText", "errorFromResponse", "fetch", "request"], "search-terms": ["Student Application Portal API client", "fetch requests", "API authentication functions", "application management", "admin application list", "application status change", "JSON response handling"], "state": 2, "file_id": 13, "knowledge_revision": 29, "git_revision": "a3cc8685bf22176a3cd1920d5c32230ccae20d5a", "ctags": [{"_type": "tag", "name": "Content-Type", "path": "/home/kavia/workspace/code-generation/student-application-portal-320922-320932/frontend_web/src/api/client.js", "pattern": "/^    'Content-Type': 'application\\/json'$/", "language": "JavaScript", "kind": "property", "scope": "request.headers", "scopeKind": "class"}, {"_type": "tag", "name": "apiAdminChangeStatus", "path": "/home/kavia/workspace/code-generation/student-application-portal-320922-320932/frontend_web/src/api/client.js", "pattern": "/^export async function apiAdminChangeStatus({ apiBase, token, applicationId, to_status, reason })/", "language": "JavaScript", "kind": "function", "signature": "({ apiBase, token, applicationId, to_status, reason })"}, {"_type": "tag", "name": "apiAdminListApplications", "path": "/home/kavia/workspace/code-generation/student-application-portal-320922-320932/frontend_web/src/api/client.js", "pattern": "/^export async function apiAdminListApplications({ apiBase, token, status, q, limit = 50, offset =/", "language": "JavaScript", "kind": "function", "signature": "({ apiBase, token, status, q, limit = 50, offset = 0 })"}, {"_type": "tag", "name": "apiCreateApplication", "path": "/home/kavia/workspace/code-generation/student-application-portal-320922-320932/frontend_web/src/api/client.js", "pattern": "/^export async function apiCreateApplication({ apiBase, token, program, term }) {$/", "language": "JavaScript", "kind": "function", "signature": "({ apiBase, token, program, term })"}, {"_type": "tag", "name": "apiListMyApplications", "path": "/home/kavia/workspace/code-generation/student-application-portal-320922-320932/frontend_web/src/api/client.js", "pattern": "/^export async function apiListMyApplications({ apiBase, token }) {$/", "language": "JavaScript", "kind": "function", "signature": "({ apiBase, token })"}, {"_type": "tag", "name": "apiLogin", "path": "/home/kavia/workspace/code-generation/student-application-portal-320922-320932/frontend_web/src/api/client.js", "pattern": "/^export async function apiLogin({ apiBase, email, password }) {$/", "language": "JavaScript", "kind": "function", "signature": "({ apiBase, email, password })"}, {"_type": "tag", "name": "apiMe", "path": "/home/kavia/workspace/code-generation/student-application-portal-320922-320932/frontend_web/src/api/client.js", "pattern": "/^export async function apiMe({ apiBase, token }) {$/", "language": "JavaScript", "kind": "function", "signature": "({ apiBase, token })"}, {"_type": "tag", "name": "apiRegister", "path": "/home/kavia/workspace/code-generation/student-application-portal-320922-320932/frontend_web/src/api/client.js", "pattern": "/^export async function apiRegister({ apiBase, email, password, first_name, last_name }) {$/", "language": "JavaScript", "kind": "function", "signature": "({ apiBase, email, password, first_name, last_name })"}, {"_type": "tag", "name": "apiSubmitApplication", "path": "/home/kavia/workspace/code-generation/student-application-portal-320922-320932/frontend_web/src/api/client.js", "pattern": "/^export async function apiSubmitApplication({ apiBase, token, applicationId }) {$/", "language": "JavaScript", "kind": "function", "signature": "({ apiBase, token, applicationId })"}, {"_type": "tag", "name": "apiWithdrawApplication", "path": "/home/kavia/workspace/code-generation/student-application-portal-320922-320932/frontend_web/src/api/client.js", "pattern": "/^export async function apiWithdrawApplication({ apiBase, token, applicationId }) {$/", "language": "JavaScript", "kind": "function", "signature": "({ apiBase, token, applicationId })"}, {"_type": "tag", "name": "errorFromResponse", "path": "/home/kavia/workspace/code-generation/student-application-portal-320922-320932/frontend_web/src/api/client.js", "pattern": "/^function errorFromResponse(status, data) {$/", "language": "JavaScript", "kind": "function", "signature": "(status, data)"}, {"_type": "tag", "name": "headers", "path": "/home/kavia/workspace/code-generation/student-application-portal-320922-320932/frontend_web/src/api/client.js", "pattern": "/^  const headers = {$/", "language": "JavaScript", "kind": "class", "scope": "request", "scopeKind": "class"}, {"_type": "tag", "name": "normalizeBase", "path": "/home/kavia/workspace/code-generation/student-application-portal-320922-320932/frontend_web/src/api/client.js", "pattern": "/^function normalizeBase(apiBase) {$/", "language": "JavaScript", "kind": "function", "signature": "(apiBase)"}, {"_type": "tag", "name": "parseJsonOrText", "path": "/home/kavia/workspace/code-generation/student-application-portal-320922-320932/frontend_web/src/api/client.js", "pattern": "/^async function parseJsonOrText(resp) {$/", "language": "JavaScript", "kind": "function", "signature": "(resp)"}, {"_type": "tag", "name": "request", "path": "/home/kavia/workspace/code-generation/student-application-portal-320922-320932/frontend_web/src/api/client.js", "pattern": "/^async function request({ apiBase, path, method = 'GET', token, body }) {$/", "language": "JavaScript", "kind": "function", "signature": "({ apiBase, path, method = 'GET', token, body })"}], "hash": "51f23b9bef55782b269c375529d28a7d", "format-version": 4, "code-base-name": "frontend_web", "filename": "frontend_web/src/api/client.js", "fields": [{"name": "'Content-Type': 'application\\/json'", "scope": "request.headers", "scopeKind": "class", "description": "unavailable"}], "revision_history": [{"29": "a3cc8685bf22176a3cd1920d5c32230ccae20d5a"}]}