{"is_source_file": false, "format": "", "description": "", "external_files": [], "external_methods": [], "published": [], "classes": [], "methods": [], "calls": [], "search-terms": [], "state": 2, "file_id": 5, "knowledge_revision": 16, "git_revision": "1ab0295bd6b1a9da73bf6446a2ef43486a9ac5e8", "hash": "ebece526bc2eadd78ddd787a76c56607", "format-version": 4, "code-base-name": "frontend_web", "filename": "frontend_web/README.md", "revision_history": [{"16": "1ab0295bd6b1a9da73bf6446a2ef43486a9ac5e8"}]}