{"is_source_file": false, "format": "", "description": "", "external_files": [], "external_methods": [], "published": [], "classes": [], "methods": [], "calls": [], "search-terms": [], "state": 2, "file_id": 1, "knowledge_revision": 17, "git_revision": "1ab0295bd6b1a9da73bf6446a2ef43486a9ac5e8", "hash": "d001d53c059625c4bcf75bf5a7f3fcf0", "format-version": 4, "code-base-name": "frontend_web", "filename": "frontend_web/package.json", "revision_history": [{"17": "1ab0295bd6b1a9da73bf6446a2ef43486a9ac5e8"}]}