{"is_source_file": true, "format": "JavaScript with ECMAScript Modules (.mjs)", "description": "ESLint configuration file importing plugins and exporting an array of configuration objects for linting JavaScript and JSX files, with specific rules and plugin configurations.", "external_files": ["@eslint/js", "eslint-plugin-react"], "external_methods": [], "published": [], "classes": [], "methods": [], "calls": ["pluginJs", "pluginReact"], "search-terms": ["eslint", "eslint.config.mjs", "plugins", "rules", "jsx", "ecmaVersion", "sourceType", "globals"], "state": 2, "file_id": 4, "knowledge_revision": 20, "git_revision": "1ab0295bd6b1a9da73bf6446a2ef43486a9ac5e8", "hash": "be6538e7523bc2e9da0743133d784136", "format-version": 4, "code-base-name": "frontend_web", "filename": "frontend_web/eslint.config.mjs", "revision_history": [{"20": "1ab0295bd6b1a9da73bf6446a2ef43486a9ac5e8"}]}