{"is_source_file": true, "format": "JavaScript", "description": "This file initializes and renders the main React application component, setting up the root DOM element and rendering the App component within React's strict mode.", "external_files": ["react", "react-dom/client", "./index.css", "./App"], "external_methods": ["ReactDOM.createRoot", "root.render"], "published": [], "classes": [], "methods": [{"name": "ReactDOM.createRoot", "description": "Creates a root to render a React component tree into a DOM element."}, {"name": "root.render", "description": "Renders the React element into the root DOM node."}], "calls": ["ReactDOM.createRoot", "root.render"], "search-terms": ["React", "ReactDOM", "render", "index.js", "entry point", "main component"], "state": 2, "file_id": 11, "knowledge_revision": 22, "git_revision": "1ab0295bd6b1a9da73bf6446a2ef43486a9ac5e8", "ctags": [{"_type": "tag", "name": "root", "path": "/home/kavia/workspace/code-generation/student-application-portal-320922-320932/frontend_web/src/index.js", "pattern": "/^const root = ReactDOM.createRoot(document.getElementById('root'));$/", "language": "JavaScript", "kind": "constant"}], "hash": "9fc5841375336fc175b49f8767a11383", "format-version": 4, "code-base-name": "frontend_web", "filename": "frontend_web/src/index.js", "revision_history": [{"22": "1ab0295bd6b1a9da73bf6446a2ef43486a9ac5e8"}]}